Id,LoadBalance,TypeVM,Action,Value,PM0,PM1,PM2,PM3
0,0,0,3,-0.37044566176204496,0,2,2,1
1,0,2,3,-0.3677586577844706,0,2,2,1
2,0,0,2,-0.982086924081723,0,2,2,1
3,0,0,0,-0.1600977345922596,0,2,2,1
4,0,2,0,-0.20492539844772506,0,2,2,1
5,0,2,2,-1.0006860676413525,0,2,2,1
