Id,LoadBalance,TypeVM,Action,Value,PM0,PM1,PM2,PM3
0,0,0,3,-0.3637749315687323,0,2,2,1
1,0,0,0,-0.155604996503708,0,2,2,1
2,0,2,2,-0.9945003856110218,0,2,2,1
3,0,2,0,-0.18203373717099622,0,2,2,1
4,0,0,2,-0.9783639164154081,0,2,2,1
5,0,2,3,-0.36709444434537053,0,2,2,1
