Id,LoadBalance,TypeVM,Action,Value,PM0,PM1,PM2,PM3
0,0,0,2,-0.9819834709025584,0,2,2,1
1,0,0,0,-0.15649738649716832,0,2,2,1
2,0,2,3,-0.36937216549487967,0,2,2,1
3,0,2,2,-0.9957965229748983,0,2,2,1
4,0,0,3,-0.36599184749717556,0,2,2,1
5,0,2,0,-0.19868706088146837,0,2,2,1
