Id,LoadBalance,TypeVM,Action,Value,PM0,PM1,PM2,PM3
0,0,0,3,-0.3723506393192462,0,2,2,1
1,0,0,2,-0.9812739442701115,0,2,2,1
2,0,2,3,-0.38193034013136495,0,2,2,1
3,0,0,0,-0.16445852363259436,0,2,2,1
4,0,2,2,-0.9859698691590608,0,2,2,1
5,0,2,0,-0.21764844437153885,0,2,2,1
