Id,LoadBalance,TypeVM,Action,Value,PM0,PM1,PM2,PM3
0,0,0,3,-0.36851521034985685,0,2,2,1
1,0,0,0,-0.15781966265694589,0,2,2,1
2,0,2,2,-0.9905050569980017,0,2,2,1
3,0,0,2,-0.9774126679401419,0,2,2,1
4,0,2,0,-0.18385211537598956,0,2,2,1
5,0,2,3,-0.3406067340410584,0,2,2,1
