Id,LoadBalance,TypeVM,Action,Value,PM0,PM1,PM2,PM3
0,0,0,0,21.398141985450124,0,2,2,1
1,0,0,2,18.10716892716354,0,2,2,1
2,0,0,3,19.422470982123407,0,2,2,1
3,0,2,2,16.205979468137343,0,2,2,1
4,0,2,3,17.59443702759653,0,2,2,1
5,0,2,0,19.07467553483281,0,2,2,1
