Id,LoadBalance,TypeVM,Action,Value,PM0,PM1,PM2,PM3
0,0,0,3,19.059775212237955,0,2,2,1
1,0,0,0,20.995792794277175,0,2,2,1
2,0,2,0,18.527538211864275,0,2,2,1
3,0,2,2,15.704440007378402,0,2,2,1
4,0,0,2,17.781190486615806,0,2,2,1
5,0,2,3,17.100123480703864,0,2,2,1
