Id,LoadBalance,TypeVM,Action,Value,PM0,PM1,PM2,PM3
0,0,0,2,17.82757544533691,0,2,2,1
1,0,0,3,19.153586441576362,0,2,2,1
2,0,2,2,15.162585035967114,0,2,2,1
3,0,0,0,21.03000571752431,0,2,2,1
4,0,2,0,17.958072957610128,0,2,2,1
5,0,2,3,16.389671386222705,0,2,2,1
