Id,LoadBalance,TypeVM,Action,Value,PM0,PM1,PM2,PM3
0,0,0,0,20.5750358591891,0,2,2,1
1,0,0,2,17.303907799768805,0,2,2,1
2,0,0,3,18.54387908436218,0,2,2,1
3,0,2,0,16.038556458607406,0,2,2,1
4,0,2,2,9.876559314863941,0,2,2,1
5,0,2,3,11.488913624681075,0,2,2,1
