Id,LoadBalance,TypeVM,Action,Value,PM0,PM1,PM2,PM3
0,0,0,0,20.703066475497614,0,2,2,1
1,0,0,2,17.54591670876926,0,2,2,1
2,0,0,3,18.86251087534474,0,2,2,1
3,0,2,0,17.14009411106961,0,2,2,1
4,0,2,2,14.567701906568399,0,2,2,1
5,0,2,3,15.90695364202937,0,2,2,1
